"","Loss"
"1",1.68374817
"2",2.093704246
"3",1.732581259
"4",1.779754026
"5",4.612005857
"6",8.725273792
"7",7.89897511
"8",2.208045388
"9",1.486090776
"10",2.796171303
"11",7.320644217
"12",3.36749634
"13",1.464128843
"14",1.722222548
"15",11.37481698
"16",2.482739385
"17",26.21464129
"18",2.002430454
"19",4.530014641
"20",1.841752562
"21",3.806734993
"22",14.12207613
"23",5.424253294
"24",11.71303075
"25",1.515373353
"26",2.53858858
"27",2.049780381
"28",12.46559297
"29",1.735445095
"30",1.68374817
"31",3.323852123
"32",1.82102489
"33",2.415812592
"34",1.464128843
"35",5.875901903
"36",1.792439239
"37",3.338213763
"38",1.584487555
"39",1.931320644
"40",2.049780381
"41",1.573758419
"42",1.756954612
"43",4.931185944
"44",5.41727672
"45",1.537335286
"46",17.56954612
"47",1.691122987
"48",1.581612006
"49",1.467115666
"50",2.049780381
"51",1.928711567
"52",3.263153734
"53",1.704245974
"54",2.074607613
"55",3.294289898
"56",1.83997511
"57",7.320644217
"58",7.320644217
"59",1.576215227
"60",4.856098097
"61",1.542275256
"62",13.62079063
"63",1.756954612
"64",1.639824305
"65",2.036377745
"66",21.96193265
"67",1.799026354
"68",2.452415813
"69",2.669106881
"70",2.024146413
"71",1.724743777
"72",1.643863836
"73",1.96193265
"74",4.626647145
"75",1.464128843
"76",3.963250366
"77",5.563852123
"78",4.39238653
"79",3.640313324
"80",1.677891654
"81",1.449487555
"82",263.250366
"83",2.500732064
"84",1.825768668
"85",9.882869693
"86",2.146617862
"87",2.870259151
"88",6.319913616
"89",2.123461201
"90",2.9238653
"91",2.036376281
"92",1.736456808
"93",2.049780381
"94",1.903367496
"95",1.610541728
"96",1.717423133
"97",3.129437775
"98",2.05195754
"99",1.967518302
"100",2.102489019
"101",3.259150805
"102",1.998535871
"103",5.41727672
"104",2.819836018
"105",3.697083455
"106",2.045387994
"107",2.679355783
"108",3.426224012
"109",1.588579795
"110",4.262871157
"111",1.755859444
"112",1.987005857
"113",1.661925329
"114",7.613469985
"115",1.794878477
"116",6.674816984
"117",2.185944363
"118",3.855051245
"119",3.221083455
"120",2.122986823
"121",1.760291362
"122",2.041653001
"123",3.755938507
"124",2.242111274
"125",1.721112738
"126",1.464128843
"127",4.711891654
"128",2.153824305
"129",3.874812592
"130",19.07027818
"131",1.887262079
"132",1.464128843
"133",1.536163982
"134",2.560065886
"135",2.799707174
"136",2.01317716
"137",1.464128843
"138",6.325036603
"139",1.567300146
"140",2.196193265
"141",2.335285505
"142",2.115666179
"143",1.469544656
"144",5.402635432
"145",5.314787701
"146",2.872620791
"147",2.781844802
"148",2.576821376
"149",3.10102489
"150",1.464128843
"151",2.049780381
"152",1.96193265
"153",1.464128843
"154",2.635431918
"155",1.464128843
"156",5.856515373
"157",3.294289898
"158",2.520856515
"159",19.47291362
"160",1.835462665
"161",2.049780381
"162",2.783308931
"163",2.781844802
"164",1.756954612
"165",2.840409956
"166",2.330893119
"167",1.756225426
"168",1.314547837
"169",2.403971166
"170",6.915630406
"171",1.491876802
"172",1.532395806
"173",1.873861075
"174",1.815203145
"175",8.256880734
"176",1.410204456
"177",2.206625164
"178",34.14154653
"179",2.443310616
"180",3.594369594
"181",2.372214941
"182",3.669724771
"183",6.888453473
"184",1.802096986
"185",1.441677588
"186",9.174311927
"187",2.096985583
"188",2.814547837
"189",1.684903014
"190",2.099606815
"191",2.621231979
"192",1.376146789
"193",1.664482307
"194",2.359108781
"195",4.136487549
"196",1.394395806
"197",1.802096986
"198",1.819134993
"199",1.513761468
"200",3.080773263
"201",20.96985583
"202",4.193971166
"203",1.861643512
"204",2.49672346
"205",2.213781127
"206",5.242463958
"207",1.32225426
"208",8.551769332
"209",1.965923984
"210",12.89515072
"211",1.788990826
"212",2.176826999
"213",8.777627785
"214",1.815203145
"215",1.683140236
"216",3.643512451
"217",1.613368283
"218",1.467889908
"219",1.405604194
"220",3.120803408
"221",1.598180865
"222",3.80078637
"223",1.510089122
"224",1.572739187
"225",1.830052425
"226",2.621231979
"227",2.806480996
"228",1.357798165
"229",1.618610747
"230",1.965923984
"231",3.022280472
"232",56.22542595
"233",4.98034076
"234",1.987162516
"235",1.965923984
"236",2.711292267
"237",1.900393185
"238",1.723460026
"239",1.572739187
"240",1.703800786
"241",3.01965924
"242",1.834862385
"243",1.419397117
"244",4.390563565
"245",7.863695937
"246",1.572739187
"247",1.336613368
"248",1.703800786
"249",2.635622543
"250",1.864718218
"251",1.457754915
"252",7.558322412
"253",2.031397117
"254",1.349934469
"255",1.474862385
"256",5.111402359
"257",5.242463958
"258",1.441677588
"259",3.936138925
"260",4.062909567
"261",1.376146789
"262",1.684141547
"263",1.440619921
"264",1.364549148
"265",1.572739187
"266",2.185422018
"267",3.281346003
"268",1.363100917
"269",2.123197903
"270",2.634338139
"271",2.098296199
"272",3.434352556
"273",1.478795544
"274",2.621231979
"275",3.001310616
"276",1.429733945
"277",10.22280472
"278",2.579395806
"279",1.755359109
"280",1.47340498
"281",1.952817824
"282",1.779868938
"283",1.986862385
"284",1.939711664
"285",1.675900393
"286",1.572739187
"287",2.524901704
"288",14.67889908
"289",3.034076016
"290",1.979030144
"291",5.937758847
"292",1.441677588
"293",2.621231979
"294",2.038007864
"295",3.75491481
"296",2.43774574
"297",1.702031455
"298",7.109870249
"299",2.01965924
"300",1.85049017
"301",1.415950197
"302",7.693315858
"303",3.014416776
"304",2.359108781
"305",1.592315858
"306",1.389252949
"307",1.332968545
"308",1.423328965
"309",2.977571429
"310",1.387355177
"311",1.404980341
"312",2.621231979
"313",4.279161206
"314",1.605504587
"315",2.011795544
"316",2.267365662
"317",1.464650066
"318",3.374065531
"319",1.490799476
"320",2.096985583
"321",1.570166448
"322",1.376146789
"323",3.145478375
"324",8.453735256
"325",3.033283093
"326",2.064220183
"327",6.422018349
"328",1.89878768
"329",1.49017038
"330",50.0655308
"331",1.559633028
"332",1.965923984
"333",1.800052425
"334",2.424639581
"335",1.31061599
"336",1.612057667
"337",4.221165279
"338",1.260404281
"339",1.403693222
"340",1.297265161
"341",1.927492271
"342",1.915457788
"343",1.207451843
"344",5.69858264
"345",1.902497027
"346",1.189134364
"347",10.17802378
"348",1.602079667
"349",4.161712247
"350",2.363049941
"351",1.965043995
"352",1.945982164
"353",2.853745541
"354",1.202439952
"355",10.82045184
"356",1.588763377
"357",2.096349584
"358",5.469678954
"359",1.892984542
"360",2.033293698
"361",1.605231867
"362",1.403091558
"363",1.195005945
"364",3.246135553
"365",1.263122473
"366",2.972651605
"367",1.204950059
"368",1.881273484
"369",1.783590963
"370",3.923900119
"371",1.902497027
"372",1.664684899
"373",4.452825208
"374",1.32362069
"375",1.605231867
"376",24.97027348
"377",2.734839477
"378",1.783590963
"379",1.810939358
"380",2.114149822
"381",1.391200951
"382",1.346016647
"383",1.507384067
"384",1.940487515
"385",2.56979786
"386",1.580765755
"387",1.487514863
"388",1.521997622
"389",1.690844233
"390",1.783590963
"391",1.258865636
"392",1.573747919
"393",1.467300832
"394",2.713705113
"395",2.736028537
"396",1.456599287
"397",2.137431629
"398",2.479090369
"399",2.378121284
"400",4.637336504
"401",1.189060642
"402",1.545778835
"403",2.342449465
"404",2.337693222
"405",1.397146254
"406",4.221165279
"407",1.639952438
"408",1.218787158
"409",3.68608799
"410",2.497027348
"411",2.497027348
"412",5.231866825
"413",1.307966706
"414",1.268124851
"415",2.165279429
"416",4.640192628
"417",2.972651605
"418",1.664684899
"419",1.189060642
"420",11.89060642
"421",2.865636147
"422",1.24436742
"423",1.724137931
"424",5.695600476
"425",1.35956956
"426",7.07491082
"427",1.403475624
"428",1.402418549
"429",1.319857313
"430",4.320588585
"431",1.843043995
"432",1.414982164
"433",1.486325803
"434",4.946032105
"435",1.913198573
"436",20.04994055
"437",1.436507729
"438",5.507728894
"439",3.210463734
"440",1.399328181
"441",5.001734839
"442",3.448275862
"443",3.55648038
"444",1.357568371
"445",2.131511296
"446",1.84188585
"447",1.426872771
"448",2.417598098
"449",1.252154578
"450",1.899702735
"451",1.559183115
"452",1.24925327
"453",1.903241379
"454",1.605231867
"455",2.22965874
"456",1.212841855
"457",3.448275862
"458",1.243267539
"459",1.674931034
"460",1.353151011
"461",1.78754459
"462",2.03686088
"463",1.973840666
"464",1.640903686
"465",2.909932224
"466",2.550958383
"467",1.807372176
"468",4.002577883
"469",1.426872771
"470",2.343111772
"471",1.38882283
"472",4.173602854
"473",1.278537455
"474",3.558858502
"475",1.200149822
"476",1.551234245
"477",1.699619501
"478",65.70749108
"479",27.26259453
"480",15.92627824
"481",1.279497027
"482",3.098441141
"483",2.94696195
"484",1.224732461
"485",1.664684899
"486",1.319601665
"487",1.516599287
"488",1.273230678
"489",1.664684899
"490",1.307966706
"491",5.469678954
"492",1.248513674
"493",1.986825208
"494",1.426872771
"495",1.426872771
"496",2.164090369
"497",2.140309156
"498",1.307966706
"499",1.498384067
"500",1.688466112
"501",1.83994887
"502",4.375743163
"503",1.786692033
"504",1.655944114
"505",1.189060642
"506",3.85075981
"507",4.161712247
"508",2.140309156
"509",2.140309156
"510",2.615933413
"511",4.161712247
"512",22.25822592
"513",2.25921522
"514",4.280618312
"515",1.306247325
"516",5.588585018
"517",2.794292509
"518",1.44160178
"519",1.349646274
"520",1.565072303
"521",1.112347052
"522",2.810163515
"523",1.783452725
"524",2.128698554
"525",4.349276974
"526",2.710789766
"527",1.134593993
"528",2.623686318
"529",2.393770857
"530",6.234705228
"531",1.378197998
"532",1.216907675
"533",1.163515017
"534",2.459407119
"535",4.727474972
"536",1.557285873
"537",1.307007786
"538",3.14349277
"539",1.197107898
"540",1.167964405
"541",1.112347052
"542",1.779755284
"543",1.64740267
"544",1.72369188
"545",5.561735261
"546",1.334816463
"547",1.446051168
"548",1.334816463
"549",1.590656285
"550",1.112347052
"551",3.03243604
"552",3.786429366
"553",2.224694105
"554",2.447163515
"555",10.01112347
"556",1.163547275
"557",1.112347052
"558",3.152863181
"559",3.726362625
"560",4.449388209
"561",2.281263626
"562",3.559510567
"563",4.449388209
"564",1.209121246
"565",1.156840934
"566",2.224694105
"567",1.240266963
"568",1.15925584
"569",1.668520578
"570",3.337041157
"571",10.07230256
"572",2.141268076
"573",1.474972191
"574",1.112347052
"575",1.689655172
"576",1.668520578
"577",1.617352614
"578",1.112347052
"579",2.169076752
"580",1.493882091
"581",1.408231368
"582",2.502780868
"583",2.258064516
"584",3.726362625
"585",1.893699666
"586",1.704115684
"587",2.342854283
"588",1.946607341
"589",1.27919911
"590",1.510696329
"591",2.447163515
"592",3.675194661
"593",2.378241379
"594",1.774193548
"595",1.51512792
"596",2.234705228
"597",1.816462736
"598",3.448275862
"599",4.67185762
"600",1.156840934
"601",1.223581758
"602",4.078929922
"603",1.19243604
"604",1.204093437
"605",2.55839822
"606",1.618464961
"607",1.822024472
"608",1.61056396
"609",1.860956618
"610",7.992070078
"611",1.785317019
"612",4.89432703
"613",2.52057842
"614",1.394883204
"615",1.390433815
"616",1.297179088
"617",3.670745273
"618",3.876529477
"619",3.587319244
"620",1.437954394
"621",1.17527475
"622",1.501668521
"623",1.506003337
"624",5.925472747
"625",12.63181313
"626",3.061179088
"627",1.436040044
"628",2.27919911
"629",1.491766407
"630",6.916553949
"631",1.604229143
"632",1.668520578
"633",1.157211346
"634",1.320355951
"635",3.448275862
"636",1.975761958
"637",1.85650723
"638",2.002224694
"639",5.300503893
"640",4.004449388
"641",1.124468298
"642",1.546494994
"643",2.55839822
"644",1.47916574
"645",1.259399333
"646",3.197997775
"647",3.114571746
"648",1.312569522
"649",5.672969967
"650",13.34816463
"651",11.43159066
"652",4.259176863
"653",3.366826474
"654",1.112347052
"655",1.112347052
"656",1.446051168
"657",2.073114572
"658",1.223581758
"659",1.612903226
"660",1.319243604
"661",1.129032258
"662",2.33592881
"663",1.724137931
"664",11.12347052
"665",1.668520578
"666",1.557285873
"667",1.557285873
"668",1.933311457
"669",1.724137931
"670",1.501668521
"671",2.207434555
"672",1.047120419
"673",1.425361257
"674",1.361256545
"675",9.314136126
"676",1.644890052
"677",2.617801047
"678",2.541112042
"679",1.570680628
"680",1.256544503
"681",1.458638743
"682",1.047120419
"683",2.231413613
"684",2.19895288
"685",5.02617801
"686",2.408376963
"687",1.65217801
"688",1.151832461
"689",1.31968377
"690",2.701570681
"691",2.544502618
"692",2.356020942
"693",1.256544503
"694",1.67539267
"695",1.361256545
"696",3.87434555
"697",1.769633508
"698",1.118324607
"699",2.209424084
"700",1.098429319
"701",1.151832461
"702",2.963749738
"703",11.62303665
"704",14.29319372
"705",1.287958115
"706",1.465968586
"707",13.62303665
"708",1.129842932
"709",2.403141361
"710",5.445026178
"711",1.046910995
"712",1.059162304
"713",2.094240838
"714",1.855497382
"715",1.570680628
"716",1.937172775
"717",2.203141361
"718",2.460732984
"719",1.427616754
"720",1.735078534
"721",4.083769634
"722",2.157068063
"723",1.465968586
"724",1.168586387
"725",1.22513089
"726",1.151832461
"727",3.769633508
"728",1.095052356
"729",1.204188482
"730",2.617801047
"731",1.871204188
"732",4.397905759
"733",4.607329843
"734",18.64648377
"735",1.047120419
"736",1.047120419
"737",1.047120419
"738",15.81151832
"739",1.989528796
"740",1.047120419
"741",1.256544503
"742",1.151832461
"743",1.073298429
"744",1.194420942
"745",1.064361257
"746",1.384293194
"747",1.130890052
"748",1.151832461
"749",1.793717277
"750",1.141361257
"751",1.632905759
"752",2.643979058
"753",1.286896335
"754",4.45026178
"755",1.236649215
"756",1.959162304
"757",1.191050262
"758",1.314433508
"759",1.989528796
"760",1.649570681
"761",2.722513089
"762",1.132420942
"763",1.780104712
"764",1.607329843
"765",1.204188482
"766",1.073298429
"767",1.09947644
"768",1.406282723
"769",1.965445026
"770",3.363190576
"771",1.570680628
"772",1.256544503
"773",2.762440838
"774",1.066485864
"775",1.377950785
"776",1.300253403
"777",1.319371728
"778",3.403141361
"779",1.361256545
"780",1.178010471
"781",4.293193717
"782",4.808376963
"783",1.09947644
"784",2.219895288
"785",2.617801047
"786",1.434496335
"787",1.047120419
"788",2.513089005
"789",1.621459686
"790",19.16230366
"791",1.570680628
"792",2.303664921
"793",1.845554974
"794",1.047120419
"795",1.989528796
"796",2.827225131
"797",1.256544503
"798",3.979057592
"799",1.361256545
"800",1.633507853
"801",18.84816754
"802",1.12565445
"803",5.30557801
"804",1.727748691
"805",1.165342408
"806",1.151832461
"807",1.256544503
"808",3.568586387
"809",7.235602094
"810",1.570680628
"811",7.643979058
"812",2.122003141
"813",2.931937173
"814",1.287958115
"815",1.06800733
"816",1.27561466
"817",1.623036649
"818",2.670157068
"819",1.256544503
"820",1.103048168
"821",1.204188482
"822",1.151832461
"823",1.884816754
"824",7.539267016
"825",1.09947644
"826",1.570680628
"827",2.670157068
"828",1.151832461
"829",3.87434555
"830",5.02617801
"831",1.780104712
"832",4.764397906
"833",1.151832461
"834",1.5
"835",1.251
"836",1.03
"837",1.05
"838",1.9
"839",1.1
"840",1.88175
"841",1.007
"842",1.63
"843",1.025
"844",1.007274
"845",3.5
"846",2.9
"847",2.463137
"848",4.625
"849",1.03
"850",1.4
"851",1.077075
"852",1.32
"853",2.6
"854",1.08
"855",1.517
"856",1.07
"857",2.256823
"858",1.788413
"859",1.278896
"860",4.609074
"861",3.183
"862",1.2
"863",2.743
"864",3
"865",1.008938
"866",1.004084
"867",1.85
"868",1.520994
"869",1.250089
"870",1
"871",1.956
"872",1.05
"873",2.779
"874",22.137567
"875",1.445
"876",1.0051
"877",1
"878",1
"879",16.3
"880",1.11
"881",1.475
"882",1.049873
"883",1.753542
"884",6.143355
"885",1.23
"886",1.939
"887",46.5
"888",1.241472
"889",3.4
"890",1
"891",6.2
"892",1.966237
"893",2.17
"894",1.296
"895",1.555
"896",1.15
"897",1.33
"898",4.124285
"899",1.394239
"900",4.761228
"901",4.868852
"902",4
"903",1.6
"904",7.085
"905",1.765054
"906",6.306654
"907",1.25
"908",1.2
"909",1.226412
"910",6.563
"911",4.17
"912",2.68
"913",1.075
"914",1.932957
"915",1.375
"916",1.25
"917",3.38
"918",1.3801
"919",2.283
"920",2.35
"921",3.15
"922",3.35
"923",4
"924",10.5
"925",2.89
"926",5.5
"927",2.8
"928",1.26
"929",1.1
"930",2.126759
"931",2.2
"932",1.07
"933",9.2
"934",1.5
"935",1.65
"936",12.225
"937",1.4
"938",14.239
"939",1.085
"940",1.05
"941",2.65
"942",2.123
"943",5.2
"944",1.825
"945",1.1
"946",1
"947",2.065
"948",1.2774
"949",1.195
"950",1.2
"951",1.1
"952",1.4
"953",1.585
"954",3.265042
"955",1.2
"956",2.433
"957",1.6
"958",2
"959",4.76
"960",1.165
"961",1.372
"962",1.2
"963",1.65
"964",1.7
"965",1.3
"966",1.1
"967",1.1
"968",1.241012
"969",1.005
"970",3.282
"971",1.05
"972",57.410636
"973",1.088
"974",1.118
"975",2.67
"976",1.0749
"977",2.141
"978",5.85
"979",14.3
"980",1.971
"981",1.7
"982",6.167
"983",1.05
"984",1.156058
"985",3.58215
"986",13.5
"987",1.2015
"988",1.65
"989",1.3776
"990",3.8
"991",1.3255
"992",4.05
"993",6.7
"994",1.16
"995",1.5
"996",1.06
"997",1.491287
"998",1.981813
"999",1.5
"1000",3.21436
"1001",4.1
"1002",1
"1003",10.7
"1004",19.4
"1005",1.605603
"1006",1.132
"1007",2.255
"1008",2.02
"1009",1.231
"1010",4.1
"1011",7.23
"1012",1.85
"1013",1
"1014",2.56
"1015",1.553
"1016",1.7
"1017",1.045472
"1018",1.054
"1019",1
"1020",8.71
"1021",1.5
"1022",1.5
"1023",1.26106
"1024",1.055
"1025",1.282
"1026",1.3
"1027",1.3
"1028",1.422078
"1029",1
"1030",1.2
"1031",1.85
"1032",1.18
"1033",1.043
"1034",1
"1035",1.6
"1036",5.6
"1037",1.8
"1038",2.5
"1039",1.75
"1040",1.45
"1041",1.460945034
"1042",1.157184185
"1043",1.495756991
"1044",5.207328833
"1045",3.683702989
"1046",1.446480231
"1047",1.038657666
"1048",1.253616201
"1049",1.06075217
"1050",1.398264224
"1051",1.398264224
"1052",2.410800386
"1053",1.441851495
"1054",1.639344262
"1055",1.050626808
"1056",1.755062681
"1057",4.484088717
"1058",1.677917068
"1059",1.06075217
"1060",1
"1061",3.082931533
"1062",1.277724204
"1063",1.207328833
"1064",1.928640309
"1065",1.00289296
"1066",1.089681774
"1067",1.758129219
"1068",1.446480231
"1069",1.591128255
"1070",1.108968177
"1071",1.023109932
"1072",2.00096432
"1073",1.314310511
"1074",2.068466731
"1075",3.085824494
"1076",6.798457088
"1077",1.639344262
"1078",1.639344262
"1079",1.229508197
"1080",1.735776278
"1081",2.823416586
"1082",2.507232401
"1083",1.866739634
"1084",4.43587271
"1085",1.928640309
"1086",1.06075217
"1087",1.741465767
"1088",3.085824494
"1089",12.05400193
"1090",1.157184185
"1091",2.410800386
"1092",1.558341369
"1093",1.350048216
"1094",3.182256509
"1095",1.900663452
"1096",2.31436837
"1097",3.707810993
"1098",3.206364513
"1099",1.06075217
"1100",1.446480231
"1101",1.157184185
"1102",5.207328833
"1103",3.664416586
"1104",1.659228544
"1105",2.507232401
"1106",3.191899711
"1107",16.44165863
"1108",1.082931533
"1109",2.410800386
"1110",3.66924783
"1111",1.181292189
"1112",29.02603664
"1113",4.918032787
"1114",1.148505304
"1115",1.542912247
"1116",1.567020251
"1117",1.253616201
"1118",1.542912247
"1119",1.832208293
"1120",1.663452266
"1121",1.277724204
"1122",2.4435892
"1123",2.892960463
"1124",3.134040501
"1125",2.603664417
"1126",3.789778206
"1127",1.902603664
"1128",3.770438766
"1129",1.166827387
"1130",1.18900675
"1131",1.321118611
"1132",1.735776278
"1133",12.53616201
"1134",1.321118611
"1135",1.157184185
"1136",5.785920926
"1137",1.832208293
"1138",1.388979749
"1139",1.205400193
"1140",1.108968177
"1141",1.729357763
"1142",1.639344262
"1143",1.087648023
"1144",1.542912247
"1145",1.432015429
"1146",2.169720347
"1147",5.400192864
"1148",5.785920926
"1149",1.350048216
"1150",6.075216972
"1151",18.32208293
"1152",1.157184185
"1153",1.591128255
"1154",1.928640309
"1155",1.446480231
"1156",1.677917068
"1157",1.157184185
"1158",1.010998071
"1159",2.844744455
"1160",1.735776278
"1161",1.150433944
"1162",2.507232401
"1163",2.892960463
"1164",2.097396336
"1165",2.086499518
"1166",1.446480231
"1167",2.150289296
"1168",1.122092575
"1169",1.658630665
"1170",1.697203472
"1171",1.591128255
"1172",5.785920926
"1173",1.055930569
"1174",1.446480231
"1175",2.892960463
"1176",1.157184185
"1177",1.120540019
"1178",1.157184185
"1179",1.203375121
"1180",5.593056895
"1181",1.432979749
"1182",1.264320154
"1183",1.399228544
"1184",1.147703954
"1185",1.23823433
"1186",1.759884282
"1187",1.542912247
"1188",2.121504339
"1189",1.542912247
"1190",1.253616201
"1191",1.928640309
"1192",1.330761813
"1193",1.928640309
"1194",1.108968177
"1195",2.025072324
"1196",8.678881389
"1197",2.217936355
"1198",1.301832208
"1199",1.123896818
"1200",1.727579556
"1201",1.37415622
"1202",1.00695757
"1203",8.100289296
"1204",1.00289296
"1205",1.171648987
"1206",10.27000964
"1207",1.271395371
"1208",2.892960463
"1209",3.345232401
"1210",1.06075217
"1211",2.892960463
"1212",1.121504339
"1213",1.697203472
"1214",1.716489875
"1215",1.1024108
"1216",17.06846673
"1217",2.603664417
"1218",1.253616201
"1219",3.567984571
"1220",1.494696239
"1221",1.639344262
"1222",1.722275796
"1223",2.351012536
"1224",1.68756027
"1225",1.470588235
"1226",2.31436837
"1227",1.253616201
"1228",1.144429122
"1229",1.205400193
"1230",2.602700096
"1231",2.941793635
"1232",2.181292189
"1233",1.446480231
"1234",4.821600771
"1235",3.837994214
"1236",1.350048216
"1237",1.542912247
"1238",1.157184185
"1239",1.928640309
"1240",2.242044359
"1241",1.263259402
"1242",1.012536162
"1243",1.928640309
"1244",1.137897782
"1245",1.037608486
"1246",1.253616201
"1247",2.18756027
"1248",4.767295082
"1249",1.542912247
"1250",1.06075217
"1251",2.75216972
"1252",3.182256509
"1253",1.446480231
"1254",1.928640309
"1255",1.591128255
"1256",3.085824494
"1257",4.098360656
"1258",1.880424301
"1259",2.410800386
"1260",1.012536162
"1261",1.928640309
"1262",1.06075217
"1263",1.639344262
"1264",1.128254581
"1265",1.446480231
"1266",1.446480231
"1267",2.892960463
"1268",1.388621022
"1269",1.639344262
"1270",2.022179364
"1271",1.705159113
"1272",1.051108968
"1273",17.74349084
"1274",1.157184185
"1275",3.857280617
"1276",1.705159113
"1277",1.350048216
"1278",5.496624879
"1279",1.023191095
"1280",1.304267161
"1281",1.066790353
"1282",1.80890538
"1283",3.246753247
"1284",1.417439703
"1285",2.490723562
"1286",1.011131725
"1287",2.971243043
"1288",3.004638219
"1289",1.420222635
"1290",2.233766234
"1291",1.397959184
"1292",2.319109462
"1293",2.852504638
"1294",1.994434137
"1295",1.742115028
"1296",1.646567718
"1297",2.97309833
"1298",1.113172542
"1299",1.484230056
"1300",1.113172542
"1301",1.149350649
"1302",3.184601113
"1303",2.226345083
"1304",3.896103896
"1305",1.437847866
"1306",2.368274583
"1307",1.021335807
"1308",1.020408163
"1309",2.736549165
"1310",23.283859
"1311",1.391465677
"1312",1.391465677
"1313",2.040816327
"1314",1.020408163
"1315",2.153061224
"1316",1.066790353
"1317",1.391465677
"1318",1.459183673
"1319",4.990723562
"1320",1.057513915
"1321",4.128014842
"1322",1.076994434
"1323",1.502782931
"1324",1.021335807
"1325",4.5
"1326",3.107606679
"1327",2.254174397
"1328",1.757884972
"1329",1.398886827
"1330",1.252319109
"1331",4.498144712
"1332",2.41187384
"1333",2.105751391
"1334",3.188311688
"1335",3.684601113
"1336",1.576994434
"1337",1.651205937
"1338",2.523191095
"1339",1.669758813
"1340",1.90445269
"1341",1.85528757
"1342",1.623376623
"1343",1.85528757
"1344",2.319109462
"1345",1.437847866
"1346",3.038033395
"1347",1.256957328
"1348",1.244897959
"1349",3.896103896
"1350",1.113172542
"1351",1.280148423
"1352",6.586270872
"1353",1.085343228
"1354",1.606679035
"1355",1.298701299
"1356",1.762523191
"1357",1.113172542
"1358",1.250463822
"1359",1.235621521
"1360",1.113172542
"1361",4.823747681
"1362",2.425788497
"1363",3.147495362
"1364",1.618738404
"1365",1.521335807
"1366",1.85528757
"1367",7.142857143
"1368",1.217068646
"1369",1.113172542
"1370",1.576994434
"1371",1.623376623
"1372",1.762523191
"1373",1.391465677
"1374",1.159554731
"1375",11.13172542
"1376",1.113172542
"1377",1.85528757
"1378",1.669758813
"1379",12.52319109
"1380",2.040816327
"1381",5.751391466
"1382",5.565862709
"1383",5.751391466
"1384",1.113172542
"1385",4.174397032
"1386",8.812615955
"1387",3.780148423
"1388",32.46753247
"1389",2.087198516
"1390",3.293135436
"1391",3.339517625
"1392",1.390538033
"1393",1.623376623
"1394",4.452690167
"1395",1.05380334
"1396",1.391465677
"1397",1.391465677
"1398",1.669758813
"1399",1.690166976
"1400",1.317254174
"1401",4.406307978
"1402",1.391465677
"1403",2.133580705
"1404",1.20593692
"1405",1.363636364
"1406",2.397959184
"1407",3.246753247
"1408",1.069573284
"1409",2.875695733
"1410",1.020408163
"1411",1.113172542
"1412",1.816326531
"1413",1.356215213
"1414",1.484230056
"1415",2.782931354
"1416",1.614100186
"1417",29.03710575
"1418",18.5528757
"1419",2.504638219
"1420",3.06122449
"1421",1.16419295
"1422",1.113172542
"1423",1.363636364
"1424",1.07606679
"1425",1.512059369
"1426",1.847866419
"1427",16.88311688
"1428",1.391465677
"1429",1.901669759
"1430",1.448979592
"1431",1.768089054
"1432",1.020408163
"1433",1.579777365
"1434",1.20593692
"1435",1.516697588
"1436",1.020408163
"1437",1.85528757
"1438",1.20593692
"1439",1.020408163
"1440",1.224489796
"1441",1.004638219
"1442",7.792207792
"1443",1.349721707
"1444",27.82931354
"1445",4.174397032
"1446",5.899814471
"1447",1.006493506
"1448",1.50742115
"1449",1.20593692
"1450",1.113172542
"1451",12.0593692
"1452",2.319109462
"1453",3.339517625
"1454",1.159554731
"1455",2.372912801
"1456",1.096474954
"1457",1.104823748
"1458",1.252319109
"1459",3.650278293
"1460",1.391465677
"1461",1.298701299
"1462",6.307977737
"1463",9.461966605
"1464",2.875695733
"1465",1.683673469
"1466",3.481447124
"1467",7.606679035
"1468",1.391465677
"1469",3.896103896
"1470",1.125231911
"1471",11.59554731
"1472",3.076994434
"1473",2.115027829
"1474",1.85528757
"1475",1.756957328
"1476",1.484230056
"1477",3.06122449
"1478",1.576994434
"1479",1.734693878
"1480",1.762523191
"1481",1.289424861
"1482",1.468460111
"1483",5.194805195
"1484",1.948051948
"1485",4.118738404
"1486",4.962894249
"1487",5.102040816
"1488",1.345083488
"1489",1.075139147
"1490",7.101113173
"1491",2.070500928
"1492",2.41187384
"1493",1.237476809
"1494",2.040816327
"1495",1.298701299
"1496",2.894248609
"1497",1.066790353
"1498",1.391465677
"1499",1.530612245
"1500",1.048237477
"1501",1.178107607
"1502",1.345083488
"1503",2.040816327
"1504",1.669758813
"1505",1.618456078
"1506",1.027506655
"1507",16.41526176
"1508",1.508429459
"1509",1.685891748
"1510",1.330967169
"1511",2.30700976
"1512",1.92014197
"1513",3.771073647
"1514",1.15350488
"1515",5.094055013
"1516",2.956521739
"1517",1.798580302
"1518",1.552795031
"1519",1.330967169
"1520",1.887311446
"1521",1.774622893
"1522",1.330967169
"1523",6.015971606
"1524",3.261756877
"1525",1.166814552
"1526",2.520851819
"1527",1.293700089
"1528",18.42413487
"1529",1.064773736
"1530",1.955634428
"1531",2.040816327
"1532",7.985803017
"1533",3.49689441
"1534",6.511091393
"1535",1.259982254
"1536",1.853593611
"1537",1.552795031
"1538",1.267080745
"1539",2.129547471
"1540",2.706299911
"1541",1.552795031
"1542",1.330967169
"1543",1.467613132
"1544",2.30700976
"1545",1.90771961
"1546",1.242236025
"1547",1.211180124
"1548",1.996450754
"1549",38.15439219
"1550",2.129547471
"1551",2.48447205
"1552",1.690328305
"1553",1.765749778
"1554",1.538598048
"1555",1.685891748
"1556",1.242236025
"1557",1.330967169
"1558",1.982253771
"1559",1.863354037
"1560",1.885536823
"1561",5.210292813
"1562",1.15350488
"1563",1.788819876
"1564",5.767524401
"1565",1.330967169
"1566",6.832298137
"1567",1.36202307
"1568",3.549245785
"1569",1.375332742
"1570",2.30700976
"1571",2.661934339
"1572",7.542147294
"1573",5.681455191
"1574",9.228039042
"1575",1.080745342
"1576",1.612244898
"1577",1.242236025
"1578",1.356699201
"1579",1.508429459
"1580",2.30700976
"1581",1.375332742
"1582",1.552795031
"1583",27.33806566
"1584",1.237799468
"1585",1.192546584
"1586",1.277728483
"1587",1.330967169
"1588",7.542147294
"1589",2.223602484
"1590",1.15350488
"1591",1.787932564
"1592",1.437444543
"1593",6.140195209
"1594",1.616681455
"1595",2.094055013
"1596",11.80124224
"1597",2.972493345
"1598",1.952085182
"1599",2.488021295
"1600",3.992901508
"1601",2.222715173
"1602",25.28837622
"1603",2.440106477
"1604",3.726708075
"1605",3.752440106
"1606",1.641526176
"1607",1.242236025
"1608",1.242236025
"1609",4.436557232
"1610",1.064773736
"1611",1.197870453
"1612",2.395740905
"1613",10.20408163
"1614",1.774622893
"1615",2.320319432
"1616",2.30700976
"1617",1.087843833
"1618",1.142857143
"1619",1.15350488
"1620",1.866903283
"1621",2.48447205
"1622",2.573203194
"1623",1.121561668
"1624",5.989352263
"1625",2.50931677
"1626",1.328305235
"1627",1.045252884
"1628",1.387755102
"1629",1.15350488
"1630",1.286601597
"1631",1.047027507
"1632",4.614019521
"1633",20.45252884
"1634",2.218278616
"1635",5.323868678
"1636",1.216503993
"1637",7.098491571
"1638",1.330967169
"1639",1.774622893
"1640",3.01242236
"1641",47.01952085
"1642",1.100266193
"1643",2.309671695
"1644",1.145519077
"1645",1.376220053
"1646",1.142857143
"1647",2.896184561
"1648",1.774622893
"1649",1.354037267
"1650",24.57852706
"1651",2.261756877
"1652",4.436557232
"1653",1.348713398
"1654",15.88287489
"1655",1.020408163
"1656",1.262644188
"1657",2.661934339
"1658",1.051464064
"1659",1.952085182
"1660",1.357586513
"1661",1.641526176
"1662",7.542147294
"1663",2.218278616
"1664",5.501330967
"1665",2.211180124
"1666",1.477373558
"1667",1.641526176
"1668",1.020408163
"1669",3.283052351
"1670",25.9538598
"1671",1.064773736
"1672",4.081632653
"1673",2.28837622
"1674",1.100266193
"1675",2.838509317
"1676",3.194321207
"1677",1.597160603
"1678",1.774622893
"1679",1.721384206
"1680",2.333629104
"1681",4.494232476
"1682",8.873114463
"1683",2.676131322
"1684",1.1472937
"1685",1.330967169
"1686",1.508429459
"1687",1.242236025
"1688",1.109139308
"1689",6.211180124
"1690",1.73025732
"1691",1.15350488
"1692",1.055900621
"1693",1.879325643
"1694",1.401952085
"1695",1.419698314
"1696",2.715173026
"1697",4.081632653
"1698",1.752440106
"1699",1.088731145
"1700",3.549245785
"1701",1.283052351
"1702",2.173913043
"1703",2.839396628
"1704",3.371783496
"1705",1.330967169
"1706",4.614019521
"1707",10.82519965
"1708",5.767524401
"1709",1.109139308
"1710",31.05590062
"1711",3.105590062
"1712",1.330967169
"1713",1.685891748
"1714",3.992901508
"1715",1.84081287
"1716",1.282811177
"1717",5.376799323
"1718",1.361558002
"1719",1.058425064
"1720",1.00338696
"1721",2.963590178
"1722",1.270956816
"1723",1.905165114
"1724",4.233700254
"1725",1.947502117
"1726",2.911092295
"1727",24.55546147
"1728",1.227773074
"1729",1.219305673
"1730",3.268416596
"1731",4.82641829
"1732",1.6596105
"1733",1.214225233
"1734",1.016088061
"1735",1.523285351
"1736",2.684165961
"1737",1.562235394
"1738",1.121083827
"1739",1.014394581
"1740",42.09144793
"1741",1.693480102
"1742",1.640135478
"1743",1.947502117
"1744",4.657070279
"1745",1.058425064
"1746",1.116003387
"1747",1.524132091
"1748",1.392040644
"1749",1.227773074
"1750",14.39458086
"1751",1.130397968
"1752",1.744284505
"1753",1.947502117
"1754",1.185436071
"1755",2.565622354
"1756",1.148179509
"1757",2.176121931
"1758",1.33107536
"1759",20.86367485
"1760",1.894157494
"1761",2.116850127
"1762",1.651143099
"1763",1.058425064
"1764",9.229466554
"1765",1.143099069
"1766",5.927180356
"1767",1.198137172
"1768",1.774767146
"1769",1.875529213
"1770",5.66469094
"1771",1.100762066
"1772",4.149026249
"1773",1.283657917
"1774",1.058425064
"1775",2.201524132
"1776",1.289585097
"1777",1.354784081
"1778",4.416596105
"1779",1.270110076
"1780",14.39458086
"1781",2.686706181
"1782",1.693480102
"1783",1.624047417
"1784",3.386960203
"1785",4.064352244
"1786",1.301439458
"1787",1.270110076
"1788",1.553767993
"1789",1.476714649
"1790",1.189669771
"1791",1.016088061
"1792",10.13717189
"1793",2.66299746
"1794",1.045723963
"1795",3.810330229
"1796",1.270110076
"1797",1.693480102
"1798",1.481795089
"1799",1.524132091
"1800",2.963590178
"1801",1.181202371
"1802",1.565622354
"1803",3.048264183
"1804",3.33784928
"1805",1.457239627
"1806",1.016088061
"1807",4.301439458
"1808",2.032176122
"1809",4.022015241
"1810",1.121930567
"1811",1.879762913
"1812",2.201524132
"1813",1.270110076
"1814",1.734123624
"1815",1.16850127
"1816",6.773920406
"1817",1.176968671
"1818",4.50042337
"1819",2.213378493
"1820",1.016088061
"1821",1.862828112
"1822",2.201524132
"1823",1.219305673
"1824",5.715495343
"1825",6.435224386
"1826",5.50381033
"1827",2.540220152
"1828",5.080440305
"1829",5.080440305
"1830",2.032176122
"1831",4.091447925
"1832",1.901778154
"1833",4.82641829
"1834",2.132091448
"1835",1.569856054
"1836",1.253175275
"1837",1.270110076
"1838",3.099068586
"1839",1.910245555
"1840",1.295512278
"1841",2.540220152
"1842",2.487722269
"1843",2.286198137
"1844",1.405588484
"1845",1.102455546
"1846",1.016088061
"1847",3.852667231
"1848",12.80186283
"1849",1.608806097
"1850",1.524132091
"1851",1.972904318
"1852",1.270110076
"1853",1.784928027
"1854",16.08806097
"1855",1.439458086
"1856",152.4132091
"1857",1.439458086
"1858",3.130397968
"1859",6.287044877
"1860",2.777307367
"1861",1.033022862
"1862",1.016088061
"1863",14.01354784
"1864",1.270110076
"1865",1.215071973
"1866",8.367485182
"1867",1.058425064
"1868",1.117696867
"1869",3.810330229
"1870",1.100762066
"1871",1.520745131
"1872",1.487722269
"1873",3.386960203
"1874",4.657070279
"1875",2.277730737
"1876",1.041490262
"1877",1.176968671
"1878",1.524132091
"1879",1.288738357
"1880",1.270110076
"1881",3.773920406
"1882",1.198137172
"1883",2.352243861
"1884",1.066892464
"1885",1.066892464
"1886",9.398814564
"1887",1.270110076
"1888",5.770533446
"1889",1.049957663
"1890",1.536833192
"1891",1.083827265
"1892",1.879762913
"1893",1.278577477
"1894",1.354784081
"1895",3.979678239
"1896",5.249788315
"1897",1.565622354
"1898",12.70110076
"1899",4.572396274
"1900",2.921253175
"1901",1.778154107
"1902",1.524132091
"1903",11.6850127
"1904",2.116850127
"1905",1.733276884
"1906",2.540220152
"1907",1.176121931
"1908",6.011854361
"1909",32.38780694
"1910",10.58425064
"1911",1.642675699
"1912",3.386960203
"1913",1.016088061
"1914",4.868755292
"1915",1.528365792
"1916",1.100762066
"1917",1.079593565
"1918",1.693480102
"1919",18.62828112
"1920",1.731583404
"1921",3.810330229
"1922",1.100762066
"1923",1.83742591
"1924",1.016088061
"1925",4.657070279
"1926",1.314987299
"1927",1.524132091
"1928",2.286198137
"1929",1.016088061
"1930",1.885690093
"1931",1.311600339
"1932",1.227773074
"1933",1.100762066
"1934",3.386960203
"1935",1.634208298
"1936",1.013547841
"1937",1.726502964
"1938",3.810330229
"1939",2.456392887
"1940",2.686706181
"1941",1.00338696
"1942",1.015241321
"1943",1.862828112
"1944",1.083827265
"1945",2.116850127
"1946",4.149026249
"1947",1.016088061
"1948",1.016088061
"1949",1.176968671
"1950",1.877062706
"1951",1.268151815
"1952",1.356435644
"1953",7.425742574
"1954",1.134488449
"1955",1.329207921
"1956",1.287128713
"1957",1.565181518
"1958",1.072607261
"1959",2.310231023
"1960",1.094059406
"1961",2.617161716
"1962",1.99009901
"1963",1.987623762
"1964",1.155940594
"1965",3.378712871
"1966",1.2169967
"1967",1.951320132
"1968",4.125412541
"1969",1.402640264
"1970",1.02640264
"1971",1.707920792
"1972",1.237623762
"1973",3.300330033
"1974",1.278877888
"1975",2.981023102
"1976",4.075907591
"1977",3.712871287
"1978",1.237623762
"1979",1.031353135
"1980",1.454620462
"1981",1.689768977
"1982",2.367986799
"1983",3.465346535
"1984",1.237623762
"1985",1.064356436
"1986",1.423267327
"1987",1.485148515
"1988",2.475247525
"1989",1.73679868
"1990",10.99834983
"1991",1.084983498
"1992",1.155115512
"1993",1.258250825
"1994",1.897689769
"1995",1.00660066
"1996",1.108910891
"1997",1.031353135
"1998",1.320132013
"1999",1.902640264
"2000",8.250825083
"2001",1.094884488
"2002",2.887788779
"2003",2.302805281
"2004",1.735973597
"2005",3.217821782
"2006",1.084983498
"2007",1.485148515
"2008",2.499174917
"2009",4.867986799
"2010",1.105610561
"2011",12.37623762
"2012",1.74669967
"2013",3.589108911
"2014",1.021452145
"2015",3.465346535
"2016",4.537953795
"2017",5.198019802
"2018",2.675742574
"2019",1.275577558
"2020",1.650165017
"2021",3.300330033
"2022",1.320132013
"2023",1.485148515
"2024",2.5330033
"2025",3.855610561
"2026",1.208745875
"2027",1.290429043
"2028",2.805280528
"2029",1.265676568
"2030",5.612211221
"2031",1.443894389
"2032",2.103960396
"2033",2.475247525
"2034",1.815181518
"2035",1.495049505
"2036",2.04290429
"2037",1.070957096
"2038",1.237623762
"2039",2.062706271
"2040",1.017326733
"2041",1.650165017
"2042",15.28465347
"2043",2.293729373
"2044",1.072607261
"2045",4.537953795
"2046",1.237623762
"2047",10.18481848
"2048",1.664191419
"2049",2.310231023
"2050",6.372937294
"2051",1.410891089
"2052",1.114686469
"2053",1.870462046
"2054",2.062706271
"2055",1.068481848
"2056",1.670792079
"2057",1.318481848
"2058",1.115511551
"2059",2.062706271
"2060",1.072607261
"2061",4.290429043
"2062",2.982673267
"2063",1.021452145
"2064",8.085808581
"2065",3.176567657
"2066",1.654290429
"2067",1.265676568
"2068",1.081683168
"2069",1.084158416
"2070",2.805280528
"2071",2.163366337
"2072",1.278877888
"2073",1.320957096
"2074",1.339108911
"2075",1.48349835
"2076",1.822607261
"2077",6.20049505
"2078",13.20132013
"2079",4.314356436
"2080",2.407590759
"2081",1.364686469
"2082",1.005775578
"2083",2.145214521
"2084",1.901815182
"2085",1.461221122
"2086",20.82673267
"2087",5.940594059
"2088",2.722772277
"2089",2.762376238
"2090",1.027227723
"2091",1.141914191
"2092",1.646039604
"2093",1.770627063
"2094",4.125412541
"2095",1.98019802
"2096",1.320132013
"2097",1.00660066
"2098",8.250825083
"2099",1.113861386
"2100",1.650165017
"2101",1.26650165
"2102",1.553630363
"2103",4.084158416
"2104",1.448844884
"2105",14.85148515
"2106",1.596534653
"2107",3.877887789
"2108",2.021452145
"2109",1.650165017
"2110",1.010726073
"2111",1.485148515
"2112",1.278877888
"2113",1.02310231
"2114",4.702970297
"2115",3.135313531
"2116",1.864686469
"2117",2.037953795
"2118",2.145214521
"2119",1.155115512
"2120",1.056105611
"2121",144.6575908
"2122",28.63036304
"2123",19.26567657
"2124",5.528052805
"2125",1.54290429
"2126",4.620462046
"2127",1.072607261
"2128",3.712871287
"2129",1.014026403
"2130",1.113861386
"2131",2.339933993
"2132",1.938943894
"2133",1.237623762
"2134",3.052805281
"2135",1.409240924
"2136",2.553630363
"2137",5.775577558
"2138",1.134488449
"2139",3.407590759
"2140",1.072607261
"2141",1.167491749
"2142",1.072607261
"2143",1.270627063
"2144",1.472772277
"2145",1.03630363
"2146",1.650165017
"2147",1.678217822
"2148",2.640264026
"2149",1.601485149
"2150",17.73927393
"2151",4.372937294
"2152",1.361386139
"2153",1.183993399
"2154",2.97029703
"2155",1.02310231
"2156",1.130363036
"2157",3.011551155
"2158",1.402640264
"2159",2.322607261
"2160",1.115511551
"2161",1.691419142
"2162",1.237623762
"2163",1.114686469
"2164",1.402640264
"2165",4.867986799
"2166",1.072607261
"2167",4.125412541
